n,throughput,vlink_throughput,generation_latency_max,generation_latency_agg,generation_latency_avg,vlink_generation_latency_max,vlink_generation_latency_agg,vlink_generation_latency_avg,fidelity_avg,fidelity_loss_avg,vlink_fidelity_avg,vlink_fidelity_loss_avg,swaps,c_message_count,q_message_count,vlink_swaps,vlink_c_message_count,vlink_q_message_count
5,72.25499661260521,112.09160258838541,0.014675964999999902,6.919936661000033,0.013839873322000066,0.013688512,4.460637447000052,0.008921274894000105,0.9431650821622312,0.05683491783776884,0.9055769002406464,0.09442309975935359,3.0,4500,2000,2.0,3501,1000
6,58.49264769306482,112.01430771477268,0.01807024299999993,8.548082873999949,0.017096165747999898,0.016829706,4.463715485999999,0.008927430971999998,0.9289218597104378,0.07107814028956216,0.8941942329398681,0.1058057670601319,4.0,5500,2500,2.0,3501,1000
7,49.13153468613144,112.15876862219474,0.021229965999999934,10.176763319000028,0.020353526638000056,0.019916372,4.457966204000002,0.008915932408000003,0.914976946829686,0.085023053170314,0.8830353250711407,0.11696467492885931,5.0,6500,3000,2.0,3501,1000
