n,sessions,throughput,vlink_throughput,generation_latency_max,generation_latency_min,generation_latency_agg,generation_latency_avg,vlink_generation_latency_max,vlink_generation_latency_min,vlink_generation_latency_agg,vlink_generation_latency_avg,fidelity_avg,fidelity_loss_avg,vlink_fidelity_avg,vlink_fidelity_loss_avg,swaps,c_message_count,q_message_count,vlink_swaps,vlink_c_message_count,vlink_q_message_count
20,2,156.14037691223558,77.11076425388617,0.007844288000000033,0.0051912485000000785,2.6025597824999935,0.0065063994562499835,0.01782844050000154,0.0083860299999996,5.206769596500002,0.013016923991250005,0.9758713170861355,0.024128682913864552,0.9470281659656854,0.05297183403431455,0.75,1800.0,700.0,2.75,3400.0,1500.0
20,8,95.09426005948771,49.135338434437024,0.019570457500000416,0.003714809500000804,25.062484824999963,0.010601333006071412,3.3657126895,0.006765705000000288,1595.1742162690002,0.6847667965365717,0.9577112716017921,0.0422887283982078,0.8352888110905002,0.16471118890949976,1.5,11600.0,5000.0,1.336320754716981,10501.0,4200.5
