n,sessions,throughput,vlink_throughput,generation_latency_max,generation_latency_min,generation_latency_agg,generation_latency_avg,vlink_generation_latency_max,vlink_generation_latency_min,vlink_generation_latency_agg,vlink_generation_latency_avg,fidelity_avg,fidelity_loss_avg,vlink_fidelity_avg,vlink_fidelity_loss_avg,swaps,c_message_count,q_message_count,vlink_swaps,vlink_c_message_count,vlink_q_message_count
20,2,111.89148228647109,124.10051542381223,0.011116388000000477,0.006868952500000081,3.574893088999996,0.00893723272249999,0.011194793999999675,0.005218095499999742,3.2564456919999936,0.008141114229999984,0.9651430228409732,0.03485697715902675,0.9684441963365169,0.03155580366348315,1.5,2400.0,1000.0,1.25,2200.0,900.0
20,8,72.26991566806129,75.0558668619501,0.021134364499999947,0.00685986550000095,22.13922605850001,0.013837016286562507,0.0557561515,0.00443754399999996,24.526183189500003,0.019731241651011908,0.9434283352077404,0.05657166479225961,0.9418290718963618,0.05817092810363822,3.0,14400.0,6400.0,1.5476190476190477,8200.5,2900.0
