n,sessions,throughput,vlink_throughput,generation_latency_max,generation_latency_min,generation_latency_agg,generation_latency_avg,vlink_generation_latency_max,vlink_generation_latency_min,vlink_generation_latency_agg,vlink_generation_latency_avg,fidelity_avg,fidelity_loss_avg,vlink_fidelity_avg,vlink_fidelity_loss_avg,swaps,c_message_count,q_message_count,vlink_swaps,vlink_c_message_count,vlink_q_message_count
20,2,136.6713029557676,79.56243724243231,0.01114372149999987,0.003642142000000459,2.9267308295,0.00731682707375,0.01779049900000007,0.008418289499999199,5.209356878499994,0.013023392196249983,0.9717776658540545,0.028222334145945605,0.946709820225064,0.053290179774936,1.0,2000.0,800.0,2.75,3400.0,1500.0
20,8,100.74618560045033,96.45872360095103,0.019547050999999538,0.003695309500000299,15.94051451750001,0.009962821573437506,0.016058854000000178,0.005288533500000803,12.365907687000014,0.010370907034375012,0.9603906716977643,0.039609328302235736,0.958657025349107,0.04134297465089298,1.8125,10600.0,4500.0,2.0625,9200.0,4000.0
